,Orientation,Cooling demand (kWh/m²),Heating demand (kWh/m²),violation,pareto-optimal
0,180.16061990323857,61.97562708640477,23.73327106471254,0,True
1,358.90528498238825,65.37292653929632,21.446357017473662,0,True
2,4.125738597557112,62.341290912031525,23.546518648111896,0,True
3,0.9635482915992544,62.19376188922419,23.566686800339298,0,True
4,183.97367999934576,62.09959205296896,23.707072153536497,0,True
5,3.142914436439259,62.2656640281203,23.54931476083025,0,True
6,182.96373936562807,62.02754841812317,23.709657941054484,0,True
7,179.12308501252957,62.03443040479751,23.760494786546403,0,False
8,356.61554940261294,65.58203998917287,21.48668846199876,0,False
9,6.17084306472141,62.59320460878348,23.54901617092257,0,False
10,175.21537454460696,65.54300504483106,21.650914105820146,0,False
11,186.2484749925656,62.37454508936177,23.71256569512756,0,False
12,356.2744496082781,65.62655974399715,21.49433013167772,0,False
13,186.8910732673233,62.47960681734232,23.71714773077489,0,False
14,8.096379139063647,62.94030930091581,23.561124863268173,0,False
15,356.2476501210014,65.6299747703345,21.49482674824178,0,False
16,188.05206480514587,62.69722230459752,23.72829331803883,0,False
17,9.36861502449181,63.22551937025712,23.57860146230373,0,False
18,188.31791957142596,62.751540735342985,23.731464090510094,0,False
19,355.7850618148045,65.69184580653547,21.50520932558799,0,False
20,10.428091763560866,63.51102592489129,23.6043552941986,0,False
21,355.2993331971234,65.76414490991928,21.51675711602825,0,False
22,188.3320677672324,62.754322816476574,23.73162925047851,0,False
23,11.682580467242795,63.86860470936808,23.627336848462,0,False
24,354.8782205400238,65.83525459496654,21.52723161062664,0,False
25,188.47129746749496,62.78388034010044,23.733436965148577,0,False
26,11.992342029070926,63.96323468877799,23.63388105309368,0,False
27,353.81298588152725,66.03250085668773,21.55842467304961,0,False
28,190.79198170366783,63.372647517035816,23.78152515299617,0,False
29,15.6110841812383,65.23283620778845,23.72999908850423,0,False
30,172.9089390274199,65.98377954706902,21.71451572633825,0,False
31,351.9297660053421,66.44581480546678,21.61743364489285,0,False
32,195.5490994566999,64.96261515583126,23.905927326480743,0,False
33,15.69447692842699,65.26586072289531,23.73262867341563,0,False
34,351.8709405638058,66.46001522013727,21.619435357431573,0,False
35,17.398586065329795,65.96518487547434,23.789667085456745,0,False
36,17.580646240893095,66.04243033202928,23.79636673979666,0,False
37,348.10840507561016,67.55556656495317,21.767242223961468,0,False
38,168.3416435907009,67.24852940963156,21.882871472438204,0,False
39,347.9671605986084,67.60199610295236,21.773687907798497,0,False
40,18.272411593198164,66.34339453556905,23.823051402025232,0,False
41,199.23948719493984,66.53431488491432,24.041302945733147,0,False
42,347.96074057898903,67.60453866727659,21.773972194036176,0,False
43,19.641648212942204,66.96695114270476,23.878272249065017,0,False
44,199.84571705824067,66.81476481416762,24.067256179698163,0,False
45,347.9602216638225,67.60471245676872,21.773995096161418,0,False
46,20.718157183649097,67.47253501568191,23.92559271856811,0,False
47,200.45233332960856,67.09881478207426,24.094472302166945,0,False
48,346.6608190367455,68.06018085954143,21.83383251836325,0,False
49,20.76537633003187,67.49530904643194,23.92758870893758,0,False
50,344.5654882330552,68.85800735131295,21.940032430295965,0,False
51,200.5905217512936,67.16530925323245,24.10080297838823,0,False
52,21.08047046998466,67.64737263446973,23.941656127765818,0,False
53,164.88210747391386,68.50798280644466,22.04720755358828,0,False
54,164.66268536473447,68.59615696477884,22.058499859002357,0,False
55,342.8185534790337,69.57623153725412,22.032589068015746,0,False
56,203.56250973818223,68.64059633179009,24.24473637192351,0,False
57,162.81755198120635,69.37054497547774,22.15840671931408,0,False
58,203.93168488583575,68.83210205038756,24.26400707755084,0,False
59,162.53294861665643,69.4919514876444,22.17450992688836,0,False
60,24.529319634663064,69.3777756648405,24.11366594019296,0,False
61,204.21712520556133,68.97896617616391,24.27947940338564,0,False
62,162.2380741802618,69.62010457909689,22.18958137328758,0,False
63,24.84965797597807,69.54394579101078,24.13159126982217,0,False
64,339.1984028590958,71.19683873288247,22.245960463409407,0,False
65,204.3788273477135,69.0624505518087,24.288175942575236,0,False
66,25.0365850933212,69.64212740147654,24.14212559711167,0,False
67,160.18800266944496,70.55169496318602,22.30954976098386,0,False
68,159.2193676022283,71.0038662466247,22.36818757291517,0,False
69,204.84544380858796,69.30335027383364,24.313874482490487,0,False
70,25.961999649667185,70.12794914757971,24.19328620102593,0,False
71,205.11503223206336,69.44276640307527,24.32909159591508,0,False
72,337.1254501496904,72.17794283547204,22.3791279667312,0,False
73,27.577869088057177,70.98195785407734,24.287057862156036,0,False
74,158.44139458556566,71.37468621854715,22.4174688669558,0,False
75,207.85890980240535,70.89768387733567,24.487740927498937,0,False
76,157.1625785022872,71.99599656625799,22.501827783006064,0,False
77,29.458402259201076,71.98252291624613,24.39928826649659,0,False
78,208.7937529966926,71.4042415330895,24.543057168997613,0,False
79,335.05699074809604,73.18645094581687,22.518774845242667,0,False
80,155.94198923996856,72.60229186691802,22.582941700474784,0,False
81,30.99036626792713,72.81441023633923,24.490685627132056,0,False
82,334.0961085635302,73.6612773857958,22.58536519764428,0,False
83,32.951394719885315,73.866559129316,24.608406969525085,0,False
84,332.98328816346844,74.21889610803485,22.659872942741696,0,False
85,152.66172787732344,74.26732679154975,22.803813992780512,0,False
86,33.28206968006167,74.0439455951281,24.62752185149372,0,False
87,152.39229150469342,74.40500654426526,22.82022760796617,0,False
88,35.22543176545066,75.08864449200341,24.7418344266178,0,False
89,329.5800998798952,75.94922488969837,22.881615120804614,0,False
90,150.38398570289735,75.44600581402747,22.949650648152367,0,False
91,329.2549182711879,76.11362794070519,22.901404295364895,0,False
92,216.14227727780417,75.33799998770802,24.97629363747578,0,False
93,149.78867477086382,75.75606084480026,22.986517527306408,0,False
94,328.7823229377401,76.35368230023863,22.929852668204145,0,False
95,216.2322236834386,75.38556561885841,24.98118071386119,0,False
96,149.47787133868408,75.91801547736173,23.005054494443694,0,False
97,328.7158915936423,76.38795478903637,22.93388655552585,0,False
98,216.4405426244768,75.49483754241024,24.99281611279248,0,False
99,37.82669654963958,76.45916515406935,24.88691970836437,0,False
