,IT - North Ext. Walls,IT - South Ext. Walls,IT - East Ext. Walls,IT - West Ext. Walls,IT - Ext. Roof,SA - Ext. Walls,SA - Ext. Roof,Glazing - Thickness,AFN - Setpoint,Cooling demand (kWh/m²),Heating demand (kWh/m²),violation,pareto-optimal
0,0.0024504447681651,0.0111734814288052,0.020157605604579,0.0199227968262701,0.0007086469077148,0.2026386471310283,0.200215326703612,0.0068372481598153,18.926064463406654,22.465727719777917,52.43896202856053,0,True
1,0.1335271459880415,0.1481368114484708,0.1443325917287239,0.1276466021268349,0.1298241745417543,0.7344394534192243,0.7484110299518926,0.009848822324518,24.20328497448909,61.10884633281437,0.6244051265299048,0,True
2,0.0109629400143017,0.0004993395471001,0.0333007860647416,0.029075001900378,0.0381265861482348,0.200166985197303,0.2132264376808656,0.0048796147066035,20.164138172649974,23.233098045449307,45.23167983651716,0,True
3,0.0100951366144944,0.0686013178794695,0.0085200759453228,0.0152572516096108,0.0021173434536604,0.2026556895155417,0.2392275214205129,0.0036553172893764,21.332850730388813,23.77919142222283,16.941592255640515,0,True
4,0.1177041031404163,0.1451197526074498,0.1166282442343487,0.1444646670228007,0.1499814839256375,0.6676411590647109,0.2061989525359973,0.00831405483602,24.569182704485534,57.44837073393285,0.7930343269840935,0,True
5,0.1002770752030507,0.1390998879348123,0.1098498232671302,0.1083617516872747,0.1481924151495347,0.7067232698236348,0.5921934441024855,0.0082473965434881,22.90783083016868,40.934968405396,0.9092987367451412,0,True
6,0.0174330016351353,0.0955136284087484,0.0155274530534679,0.1417414106253366,0.0297793076415691,0.2028015450132616,0.2431928298460522,0.0038187857969718,21.367154829759624,25.593693308459724,8.613633836353147,0,True
7,0.1245877128596813,0.116971387946471,0.0912543208930422,0.1396593560402302,0.1087743608980994,0.7226569923126922,0.7596735833445799,0.0085385012193619,22.139011970480794,36.80596217049845,1.160273053218205,0,True
8,0.0167634666015997,0.0654131009579814,0.0954160942333133,0.0305611285816897,0.0879858566729583,0.2038818160882579,0.3731196955562714,0.006829862833635,21.743333556443066,27.33616567021951,5.278249567886721,0,True
9,0.0899965093573397,0.0021134166056975,0.0383872935334938,0.0685025950482848,0.0012041453695982,0.2198278392039785,0.246426673978274,0.0033767560175005,21.41511325024569,24.77672700596604,13.167757095178535,0,True
10,0.0895592007464643,0.1322127810852539,0.0636940642869365,0.129599741088469,0.1397952274138551,0.7211473741397951,0.7634892187111987,0.0090927049620183,22.792970803017308,40.53578000038921,1.1343138713668666,0,True
11,0.0597126967457968,0.1478382237220174,0.1118580597667694,0.1443403762663812,0.1376515558556542,0.3412864948321272,0.5652364207026336,0.0082371525651595,22.437858568518145,33.83775235034999,1.2361569086696094,0,True
12,0.002123850765638,0.0462245421328019,0.0462419626685583,0.0267551381709459,0.0136136377478135,0.2319706349745124,0.2655402366180914,0.0031553959214883,21.347483044602868,25.141130451816448,12.343350177289174,0,True
13,0.0177044466471392,0.0927894625168904,0.0484467182900244,0.1496971791901995,0.1031379296945768,0.2056618518487639,0.2392275214205129,0.0031833588370814,21.67008772567281,27.3569831548359,4.276446989507993,0,True
14,0.1073610030958875,0.1451197526074498,0.117326877876288,0.1468532260726386,0.1499870635552745,0.6676411590647109,0.51958637411167,0.0074999837250822,23.50883904852973,59.05143392825108,0.7562407545088405,0,True
15,0.0390732236669165,0.0755597860276175,0.1067334485497219,0.0722721144896853,0.1101036518325564,0.2047029961998458,0.4193787514740318,0.0068907742918108,22.677089063043365,32.10698754805923,2.494399796153685,0,True
16,0.0372481376036047,0.0778362413064363,0.1037090088048239,0.050311158098097,0.1443921378648834,0.2061973879047534,0.4492694827308776,0.0069280895874108,21.700750573603656,28.723145993268425,3.483223112780217,0,True
17,0.1063865998468841,0.0856563099933707,0.0754267871427473,0.0747011315032699,0.0799266122559837,0.3045239343456002,0.349017144382365,0.0072697485404117,21.863284908629243,30.233701154119416,2.651557488919847,0,True
18,0.1207710376116377,0.0744397529247612,0.1078278019181545,0.0222499177368579,0.143650036135096,0.2241916112092356,0.4702380208397624,0.0071178611072984,21.89640640841217,29.208017193193257,3.341464847647855,0,True
19,0.0549554213687201,0.0924447059925813,0.057885185367415,0.1087674671752183,0.1185919180550723,0.2356389441645358,0.4845393627384356,0.003355277917385,21.865951679836144,29.96974872046797,2.771058370655074,0,True
20,0.1351407662264525,0.1031082341646858,0.0742960840737966,0.1246967889993036,0.1174084517111345,0.3330453958238062,0.578542759024733,0.0075192997648147,21.91626501300401,32.26549650575158,1.8648829510723128,0,True
21,0.0587154799777705,0.0748310144827884,0.1151335463806549,0.1481689110587448,0.1448558399338637,0.3901112525549898,0.5102951035575858,0.0080918614446644,22.234875574150383,32.80123494793062,1.5712184911793894,0,True
22,0.1035848756488784,0.1459887522740741,0.1436830247037016,0.1204582885212012,0.1300001439181929,0.643075848126537,0.7641096076212673,0.0081490227042202,23.89005656415955,60.13520641841664,0.7450538333832385,0,True
23,0.0557215220513254,0.1476693862727519,0.1085177364247794,0.1316288974691125,0.1403383605289938,0.3581876650977859,0.6980730344246796,0.0086698345129031,22.11713363198441,33.31768643668157,1.431673886022225,0,True
24,0.0109162690131949,0.0927894625168904,0.0085200759453228,0.1496971791901995,0.0021173434536604,0.2026698687404297,0.2392275214205129,0.0035475992071397,21.60460538844248,24.858458998824684,12.421468300334404,0,True
25,0.1497001488619299,0.1445834316289098,0.104845007422423,0.1217549938981974,0.0585626099428137,0.7147937348901938,0.6255892134437804,0.0082705749744355,22.82300685383825,40.870870779680686,1.088167026964942,0,True
26,0.1376413912290721,0.1470917175786188,0.1497705474713878,0.1307283152964505,0.1196546984733105,0.6567789200089887,0.7446155246862239,0.0098183561611874,24.50846639978913,60.61237198447802,0.638604014336204,0,True
27,0.1086558866444633,0.1417394891118723,0.1181990913806149,0.1402513499313743,0.1392558267107005,0.7269525137890166,0.7010623195981917,0.0073895688271966,24.587467540781944,60.33485838686497,0.7378818329787019,0,True
28,0.1187133804805703,0.1374160321115398,0.1291061575333373,0.1453638332722378,0.12542355861596,0.6596612088676013,0.7498323804732714,0.0084535988600781,23.557782164889545,60.37165565072132,0.7029522321439431,0,True
29,0.1187133804805703,0.1378962606658378,0.1291061575333373,0.1445017095979179,0.12542355861596,0.6757699499856792,0.7596735833445799,0.0085365157218851,23.61372103410582,60.54965848870575,0.6962266399040694,0,True
30,0.1168005597302087,0.1498551049723302,0.1421015050796445,0.1336093926612991,0.1399121771530453,0.6572692404216508,0.794760982258477,0.0087610828577223,24.50261338645792,60.5913044952572,0.6507787150345737,0,True
31,0.1335271459880415,0.1344335383662817,0.1499802011524212,0.1123801858231259,0.1309106288592993,0.6887228698734511,0.7446155246862239,0.0099785129343557,24.506082955022805,60.55174019880484,0.6856562434611612,0,True
32,0.1171025522302105,0.1422432590251068,0.1486588631914984,0.1255679424656801,0.1434087102654813,0.76749316996511,0.7776485815699027,0.0097553569853294,24.59926773356356,61.33156915473726,0.6270134606517211,0,False
33,0.0099618436890944,0.0074327117550926,0.0211833384739598,0.0007199730249799,0.0241874521607836,0.2459581787229888,0.2006555973853995,0.0044865371074832,19.39437655048457,23.5960152876807,50.92621373166253,0,False
34,0.0064325173977448,0.0074488375443145,0.0208206616425386,0.0217230794673706,0.0001744540267156,0.2029127158722865,0.2812720636364088,0.0030917076629052,22.08669147271376,24.85214698025679,17.175088898202578,0,False
35,0.099707586011885,0.0004993395471001,0.0566764616252877,0.0210052362350267,0.0395102332887217,0.2002400188077101,0.2395455904192943,0.0054727644469067,20.164138172649974,24.1680614089473,40.91012839505295,0,False
36,0.0772643279853771,0.1477388031753206,0.0878554184562372,0.1398510848919881,0.0726825410678188,0.7640246161236324,0.6687828255841042,0.0083230596140432,22.79037390751841,41.06666759866169,1.1659281817741671,0,False
37,0.1311501174377837,0.1463793003092205,0.1153494404108681,0.1173170261289737,0.0737338040783353,0.2672618838531331,0.6025047011224239,0.0078490442605583,24.977462289741823,56.09413038665424,1.1393340551327382,0,False
38,0.054173926572226,0.0879354325675945,0.1351668011138085,0.1447765797951917,0.1411548908808608,0.4546307691630006,0.5612127145431052,0.0085111577793258,22.63855235146428,35.74930330234127,1.280941631317745,0,False
39,0.0109162690131949,0.0932398656781819,0.0085200759453228,0.1149895692969667,0.0057188136504539,0.2010128798872693,0.2875702581049677,0.0035475992071397,21.60460538844248,25.66926613047709,11.448376954102171,0,False
40,0.0024504447681651,0.0164358320824925,0.0417426766353639,0.0011713702616309,0.0885355252541612,0.2180733329097883,0.200215326703612,0.0066666639938355,18.5711326608729,23.708702393478145,46.75407713707118,0,False
41,0.0985026428941771,0.1434003283534785,0.0631088639372569,0.1159935337197417,0.1081249152413881,0.668529264292069,0.6806296865566883,0.0072035001936729,22.792970803017308,39.87264864839508,1.2663622371185788,0,False
42,0.0017132958157276,0.0082588158242018,0.0473553739028156,0.0170965807401743,0.1118408233512967,0.2013822034244618,0.3099261266785473,0.0038148516206964,18.214636911996564,24.02077447026205,43.511801814639085,0,False
43,0.0472426780219746,0.0637931003986058,0.079075394124409,0.0131694332300018,0.0812423943422781,0.2039531167571764,0.3969837699138719,0.0046061659635231,21.08068194523707,26.672599354438187,9.233697463270406,0,False
44,0.0594159767152806,0.1448204230374594,0.0949826710749439,0.1496971791901995,0.1426793944444634,0.3430729476851766,0.5970971754968043,0.0079151102792456,22.43908578182746,33.85828159728962,1.304816471346022,0,False
45,0.0386189494448747,0.0623109327091498,0.0494763234313979,0.0264622086505368,0.061251831532333,0.2001444306345644,0.4493673480862593,0.0065094032061065,21.47703651999308,27.527832689473517,6.6567755655822,0,False
46,0.0478454452145231,0.036933502663381,0.0872886028303752,0.005657618398793,0.0693975578819192,0.2003010293843299,0.3669443867562213,0.0081998136523647,21.1053249711256,25.8594462492685,10.468512758395356,0,False
47,0.0758137633529697,0.0819463706607937,0.057885185367415,0.1246967889993036,0.1061357769929131,0.28784785630243,0.4845393627384356,0.0034809880580264,21.52108982148664,30.238899236847217,3.776084119175965,0,False
48,0.0628665432063939,0.1006828908203152,0.0643447782606578,0.1434094757216261,0.0424172564662829,0.2662787561013299,0.3984616170728475,0.0081539892812506,22.155549539693645,30.945815307256154,2.6851725554074486,0,False
49,0.0833406437537904,0.0141089191300143,0.0698351016400482,0.0189406871740595,0.100875092344274,0.2965217010083023,0.342724351631642,0.0054381044749353,21.87417856349206,27.992894184494045,6.077606695700449,0,False
50,0.0818182620287176,0.0980943011171697,0.070670612487836,0.1250082668698825,0.1217369735253196,0.3273171500546218,0.6272221898129949,0.007432693857932,22.22553535452028,32.83901101479072,1.7152372137126015,0,False
51,0.0492671030918763,0.082005217263681,0.0847653650249024,0.0709256320814584,0.1162587200297171,0.4271874227817675,0.5247849784790413,0.0073783263571058,21.92074088298886,32.15990016563988,2.5637256196517475,0,False
52,0.1168154533087764,0.1497548470819449,0.1070975608684821,0.1429563155671412,0.1233222202780033,0.546509468756691,0.7196995203353876,0.0087622058570417,23.141138374836476,59.22901113237116,0.7889415120547267,0,False
53,0.1415210628553878,0.1098081864839345,0.1142500962095637,0.130987781518465,0.1417572298231307,0.7218717803482896,0.7731320130990694,0.0084080333786355,24.802944056931192,60.51579787533902,0.7567007294187854,0,False
54,0.0374856694338835,0.0637024119697875,0.0907568761055255,0.0274181488584512,0.1067249035163723,0.219388098769895,0.5767624242262341,0.0065780243185551,21.882019133314166,29.074829914435213,4.220948071343475,0,False
55,0.072905253098117,0.0835948829274161,0.0575196352697004,0.1242034600763304,0.1152556241395222,0.2178791793510705,0.5608891175825056,0.0086286010643912,21.68644213488118,30.263952807873338,2.815127114410183,0,False
56,0.1205509563071247,0.1451986943061916,0.1112768926404134,0.1053838927104129,0.1423211726369968,0.3950543693007897,0.7912188540689276,0.0095947741258784,24.899890838104632,57.89574197671835,0.8852939179788752,0,False
57,0.0060779327707429,0.0891264219312695,0.051056792796833,0.1414989136922423,0.0907875405702848,0.2235986503293925,0.2896509110641031,0.0067094117354832,22.1433650971664,28.078339383257628,4.5963669048137605,0,False
58,0.1203131342233728,0.0582875715854567,0.1038848617796786,0.0175631304055421,0.0683075285584414,0.2259637489195532,0.4705723265395932,0.0063250316850897,21.880713231267244,29.072796653678022,4.329932959672986,0,False
59,0.035870569228031,0.0637931003986058,0.1038957750639502,0.0221511632624221,0.0883204389374386,0.2039531167571764,0.4216298055953581,0.0069280895874108,21.868351792127925,28.015013246153856,4.694348574193193,0,False
60,0.1096220677410548,0.0879431529667078,0.1339044415193392,0.1416217379623499,0.1451690765156654,0.471355644676165,0.5588702216200643,0.0069144540474404,24.009846307253053,57.09428456571326,0.9567841739180571,0,False
61,0.0372481376036047,0.0651568394670838,0.0494763234313979,0.0264622086505368,0.061251831532333,0.2005219696701378,0.4493673480862593,0.0065199323553011,21.47703651999308,27.537962375930476,6.628707778964654,0,False
62,0.0762349606685632,0.1383574686285745,0.1479480133927948,0.1228613219843615,0.1252530688957407,0.5329843262429055,0.6746241315643452,0.009496901034278,24.553036885724367,58.558037425408834,0.8758903039099285,0,False
63,0.105495809967786,0.1412648003995322,0.0409772989718711,0.0717497973116545,0.1285269244006309,0.3443412731826333,0.5624247686260098,0.0069465675970575,22.271245830104856,32.380996906282874,2.1990845009208986,0,False
64,0.0554488033169644,0.1000329107305145,0.0723255541232612,0.0973942818861707,0.1374767764681815,0.2862475249288428,0.5662418991820535,0.0074470091203507,22.438419906605134,32.53073494877128,1.9457161815363109,0,False
65,0.0678633568025796,0.1248313226604177,0.1016411503131532,0.125452197386632,0.1279240109273145,0.504717137549553,0.5165370045982439,0.0097830149026698,23.07871229644931,56.87019644680056,1.1368322612178323,0,False
66,0.1143643589165035,0.148923441280545,0.1215904983704353,0.1446976538997507,0.0875065842086593,0.4851276500970959,0.6927031498782793,0.0090025817410211,23.473573817107628,58.878880563587295,0.8631240285796833,0,False
67,0.1375855351738051,0.1378116600951988,0.1040719391751217,0.1152839603068539,0.1487588155387299,0.7992526361407766,0.7153610025867423,0.0080089110722476,23.90778331001248,60.86040274930876,0.7559380513804511,0,False
68,0.0762220688395391,0.1472647318519526,0.1281180458303789,0.0845750527276018,0.1297558197792741,0.4437283208673677,0.6281267991702189,0.0098750978310208,24.34198472264435,56.89909403972205,1.1185132086090388,0,False
69,0.076574781721437,0.1446247855541132,0.1407244456226581,0.1213336226738736,0.1298508344552787,0.5952522550688932,0.6363946833304223,0.0084075839787861,24.67285708067049,58.78182922090921,0.8753331732850792,0,False
70,0.1373742034313028,0.1445463282990099,0.104845007422423,0.1217549938981974,0.1454184579828709,0.7979410814618227,0.7389786644124807,0.0074922123388018,24.275190286420703,61.0022515652538,0.73111210072487,0,False
71,0.1136315559237364,0.1144367160634517,0.1492396764639189,0.1297596095989684,0.1486072329596057,0.7799186627853999,0.7776485815699027,0.0087472729562733,24.98206447108438,61.11242375352708,0.6820072672536746,0,False
72,0.1168154533087764,0.1499766225946074,0.1176820233426293,0.1431351034099706,0.1422049423528652,0.7840450111399505,0.7268093997970616,0.0093007760673709,23.26817428920816,61.21116704235613,0.6545507353723522,0,False
73,0.1373742034313028,0.1445463282990099,0.104845007422423,0.1294670018433887,0.1229765268916907,0.7420283688396518,0.7789624941874667,0.0094220238895228,24.14072220140404,61.08068358592407,0.7258379353215028,0,False
74,0.1370342119440369,0.1423725105529628,0.124749432736624,0.1299598065282304,0.1390369399595991,0.790340687403526,0.7454616794211224,0.0082329275218615,24.943662468519037,61.202790961992015,0.6583222043958615,0,False
75,0.0381890911168084,0.0397085330536049,0.002303308074521,0.0688270155664136,0.0219259395240339,0.2025120043332916,0.2319683938128864,0.0034459662283078,20.71137551251544,24.20263506658237,42.481324720157495,0,False
76,0.1165922196880685,0.126218659506456,0.1423084910419061,0.1465583541539981,0.1285269244006309,0.74228166050232,0.7972236322967006,0.0088467173058703,24.218618822844096,61.226996865574456,0.6590155665359908,0,False
77,0.1068340146108969,0.0202082789825917,0.0666460987336886,0.097760866238748,0.0217999942477662,0.2035170459369471,0.2000758636292975,0.0071719067216406,18.850884189113124,25.29715201497584,34.67930403608981,0,False
78,0.0403200065017382,0.0377458305736703,0.003392774776714,0.0674444661337827,0.1441608844955114,0.2407431655105239,0.2479506079038302,0.0041170262169076,21.11164231009601,25.88187373427515,10.660002109943214,0,False
79,0.111960633959162,0.1144367160634517,0.0788118480080164,0.1297596095989684,0.1486072329596057,0.2971641536478746,0.5298561423875985,0.0086646546010789,23.03187342400784,55.05361213537277,1.1794354349249778,0,False
80,0.1132403554008014,0.1027033374867029,0.1331459845710552,0.1427474564656315,0.0633340019544361,0.651927012536047,0.542105239737104,0.0087209062432547,22.302321306808533,35.84065533436297,1.2813898962096368,0,False
81,0.0387032828754162,0.0098331247159255,0.0625632763113641,0.0151341278566601,0.0653159655705144,0.2035170459369471,0.3261340388092396,0.0035525930706342,18.49646932313823,24.969964084955365,39.20258427432444,0,False
82,0.0050598387252617,0.098230103885073,0.0384689677196527,0.1414989136922423,0.0036659421840013,0.2031713595550357,0.2812720636364088,0.0030786372226413,22.5589865371759,28.028504896636765,9.290813846542337,0,False
83,0.0630844932739725,0.0637931003986058,0.0787135064103294,0.0337215365303599,0.1046219111206694,0.2154095448447107,0.4503879901362659,0.0043274537869183,21.24823491244093,28.051282970426527,6.502810975048904,0,False
84,0.0557472594063637,0.0736737807247056,0.1130295438697643,0.1144033520617871,0.1464777834776957,0.3901112525549898,0.572299926866987,0.0077067377878152,22.234875574150383,32.88422879864105,1.7161933400590244,0,False
85,0.0011538809673569,0.0824225726275186,0.0353269471379804,0.1322865572763523,0.0138162161003775,0.2891512771640834,0.2779600625346058,0.0036856861727685,21.44173073798132,26.95990306496846,9.789514112212808,0,False
86,0.1173181183122073,0.1129243108957932,0.1022750976183823,0.1053838927104129,0.1423211726369968,0.3950543693007897,0.7864774601832165,0.0094806888860576,24.465072625599248,57.39338393434152,1.01616471072347,0,False
87,0.0316707960491012,0.0382621383929798,0.0043598001773489,0.0688270155664136,0.0292601211345476,0.2003386142338965,0.2540362302120189,0.0031347273028306,20.71137551251544,24.498610034031135,41.28631227353871,0,False
88,0.0746440594617609,0.0724331632589837,0.1005202087214089,0.1467321033513612,0.1142530935961245,0.5172219048978406,0.4630385230638245,0.0088283071937072,22.48517420788296,34.77967857164551,1.467069275911524,0,False
89,0.0016074526376209,0.0272822428630684,0.0375544390936413,0.0307286771980638,0.1199069793504481,0.2178791793510705,0.3036305412993301,0.0041077074379394,18.92809075922893,24.95410205328849,39.95338391422517,0,False
90,0.0545720189588925,0.0853411319575537,0.0262448585280472,0.0608405011639069,0.0583342577943089,0.234415150846227,0.5122186716108371,0.0037768594559525,21.87576781734269,29.476579863272946,4.58806545928437,0,False
91,0.077089630618149,0.04609695972421,0.0791597188572131,0.0561952484799971,0.0292702496123604,0.3521423559983955,0.3532522553840149,0.0036674788890036,21.972518070821607,30.04286435898493,4.313348756659305,0,False
92,0.035870569228031,0.0610233999962605,0.1244270216661247,0.0270863532172241,0.0883204389374386,0.2039531167571764,0.4587139638540556,0.0069054377557485,21.60455471988967,28.11073132680339,4.868918331947693,0,False
93,0.0762579320269884,0.070747364365023,0.0899038918718252,0.1259914907674436,0.1311172940304961,0.44195123758026,0.5767793234392459,0.0084086123187628,21.612182055208063,32.340572598370294,2.6976042582439947,0,False
94,0.1041305261949387,0.1107704464820899,0.1358755662565546,0.1159826178365621,0.1447269290612194,0.4413071558213939,0.7350238534198411,0.0087576383591879,23.414361464592996,57.90423789517718,0.8998008453813561,0,False
95,0.0334305235421905,0.0733110123362308,0.0954160942333133,0.0701384051345841,0.1080151566338886,0.2046316955309273,0.3417910316098192,0.0068963066459485,22.657754916994666,31.29740293406144,2.8117010350538414,0,False
96,0.0920987810235199,0.0360226326937081,0.0501573315323951,0.0685025950482848,0.0945399748716008,0.2198278392039785,0.2896361673462557,0.006902397490029,22.61918576380911,30.48425840434196,3.415295297932835,0,False
97,0.0398502606113371,0.0572924534793007,0.1037675299514656,0.0343045322461743,0.064882568825442,0.2060264129851978,0.4200986013267224,0.0066441038956191,21.68505739645873,28.24700778983852,4.613421331408995,0,False
98,0.0634737623268632,0.067259455723628,0.0832908111865959,0.0642752262002545,0.1104259880566387,0.305326670937716,0.4788940333973114,0.0085111577793258,21.797914254959306,30.489653221043444,2.9452850357358877,0,False
99,0.1063919034844506,0.1443180244625727,0.1421015050796445,0.0826036993727023,0.1399121771530453,0.692619846212598,0.7764433562508505,0.0081512743353807,24.50261338645792,60.11047344332491,0.8638204735909579,0,False
