,IT - North Ext. Walls,IT - South Ext. Walls,IT - East Ext. Walls,IT - West Ext. Walls,IT - Ext. Roof,SA - Ext. Walls,SA - Ext. Roof,Glazing - Thickness,AFN - Setpoint,Cooling demand (kWh/m²),Heating demand (kWh/m²),violation,pareto-optimal
0,0.00012916840842647388,0.030480621772164734,0.0446104358943598,0.04727424864461297,0.10153612254020823,0.20000342917464536,0.2682440319072942,0.004207335160051625,20.473031877674735,24.377482280971133,46.50983488086306,0,True
1,0.1490347717995052,0.1025820152402669,0.13247982980209191,0.14051030239584975,0.14960064139150825,0.7997160035825537,0.7716905817180727,0.00996675449774505,24.806515175233645,66.57949545881331,0.055038207048722726,0,True
2,0.007579907865275138,0.013598281534537258,0.024487293599676746,0.02223836172461268,0.03406629045838346,0.21395770797846417,0.22454871723532255,0.003839729054274554,19.60034568316714,24.919188708520046,39.443866290530266,0,True
3,0.0021315394561026973,0.03215920914383631,0.0914840677303267,0.0980245362291085,0.03223414775380905,0.23570007998479264,0.2640275063734055,0.0038431525953636853,21.416656364609718,25.735812397084306,18.18872128981076,0,True
4,0.1468651788570008,0.06783913597719371,0.11781921529031797,0.12423625733253446,0.14995041611777224,0.7977926433882576,0.491018586104454,0.009401100283425286,22.92909292763379,46.43104625956102,0.0869390037965702,0,True
5,0.14734385074166298,0.1390365132461658,0.09656999783224919,0.14130925739824315,0.12658880770813044,0.6186104672445842,0.3793817426243081,0.009680661130784682,24.083158795544094,62.82849768645936,0.08019132872241008,0,True
6,0.0036755967065058206,0.08392120969002112,0.07687678011543568,0.01345877166419977,0.02272042734119995,0.2152985617302265,0.22495350471117487,0.007825939496900216,20.026761793258387,24.636563689972903,44.10238678434318,0,True
7,0.011727450148527642,0.0412255795209479,0.0579435212630597,0.03285217339307183,0.020144964438352182,0.23785921738603502,0.2498865772402027,0.003431679521128576,21.299606728515034,26.15406705890689,12.70455457839095,0,True
8,0.004461713173449872,0.02681058481823482,0.04583930933126797,0.05193548131229,0.09915295715160052,0.2000243272194724,0.3634551295265872,0.003972869347197577,22.15937473123982,26.082155235672616,13.968247779141059,0,True
9,0.01321351813578286,0.030480621772164734,0.0446104358943598,0.0485970940060759,0.09909185523774619,0.20000342917464536,0.2746428873868601,0.004207335160051625,22.17225719866388,26.893562306076664,8.68977178235963,0,True
10,0.13117147755375194,0.12047628841211912,0.141450570762093,0.14834460757374493,0.14988081730742464,0.47852462641434096,0.6863737936803785,0.008603241447264444,22.76884175504552,42.66739716443507,0.1596836064752683,0,True
11,0.13414408721220952,0.12126354788537655,0.13761088661269968,0.08238070138384788,0.14719223520830524,0.5465829945619627,0.45265446284182886,0.009785961517122724,22.947996842374522,44.71349417951633,0.12000898660418179,0,True
12,0.01965140406756366,0.021252218794870673,0.022593678064619167,0.01786780571698128,0.11953170241925465,0.20367398770727338,0.3616710982601208,0.0065907211703753734,21.63715652695644,27.53765788072446,6.702544800088758,0,True
13,0.02999369569928055,0.07334903772297305,0.10492663981563319,0.035595800517513564,0.1342197206017489,0.27344188989055906,0.30963000186586354,0.004915701274248005,21.5935286758557,29.65873015581911,4.6428560482052195,0,True
14,0.04778425357407431,0.036832954034534036,0.0041348147944268955,0.0014426814094377835,0.017520124388037368,0.29707588187566836,0.32052777827748224,0.0056923825803192616,22.12237297489959,31.527076650806062,3.8806609188694945,0,True
15,0.024670545532371572,0.01876096153878666,0.021172200469741845,0.039456456035899125,0.02849873169424448,0.3304129506836638,0.20304373176715665,0.0035259841825387526,22.126449642635144,29.38046136914277,6.388797706161292,0,True
16,0.14189354382835467,0.06309185656259605,0.1044287591331656,0.03189967846223207,0.13892629853767557,0.5907992037433583,0.3844053741502307,0.009949674199941326,22.61865783377996,40.70306193174956,0.16421403147919486,0,True
17,0.015990173745222054,0.03143403303893015,0.04092263654895058,0.061279778667036724,0.0903430948995069,0.21039085415607803,0.2023300929048035,0.00398460298416623,22.06846049703675,26.932741440643298,7.756926577660996,0,True
18,0.12486043358080422,0.0030185460375149317,0.04463645727249688,0.1051459433650972,0.03425112676732086,0.33556463325756697,0.22491024371149432,0.0039888354372501185,21.530593763083505,32.29301137748714,2.3397599231586743,0,True
19,0.05941908298229873,0.004895532133137549,0.01983899838240552,0.0586796816403273,0.02545139133969228,0.2552895404293509,0.3293836643979832,0.0044069484724611595,22.03006769992724,31.584990202553396,2.8409902954734045,0,True
20,0.023556631067539902,0.07383331407543645,0.025566718474359294,0.03205184839976842,0.12121607275197785,0.21401486776976053,0.6678774091115404,0.007041572920747904,21.63715652695644,29.42929969887765,5.57007144751878,0,True
21,0.10795386461029731,0.05868548375805793,0.02758412091789542,0.07266352002235847,0.04370455690840287,0.23543432902166145,0.2907504312926298,0.0044069484724611595,21.85966583779525,32.639988242165984,1.3446481696714527,0,True
22,0.09744117100818316,0.06605477848256454,0.03815507070979864,0.13696779871188014,0.12670326614145325,0.27169335137080786,0.3472779891889832,0.008111627955693361,22.32483756050297,34.95218640037672,0.5242992367496035,0,True
23,0.1067141462735692,0.03850582393109186,0.09624795087884,0.10194556868417899,0.12462186800226004,0.28173803734177993,0.275786502372392,0.0040395834525581995,22.17219896597812,34.32693542718785,0.5546826116438458,0,True
24,0.13190047583390913,0.08214294653852283,0.09430750763568739,0.11639809426551505,0.11338990851060592,0.414753101867333,0.3711845268673713,0.009296165308489568,22.693773952592867,39.78664371468765,0.1940975938513691,0,True
25,0.10477743775644939,0.1368127865906713,0.1005627535612241,0.0969283836288176,0.12462186800226004,0.2346992050587604,0.29548863603828907,0.004915701274248005,22.53306111722143,35.77811913228959,0.4094164872440463,0,True
26,0.1490347717995052,0.06894869621397737,0.12767303307014227,0.1362052298091445,0.13823139130783269,0.7732307229293715,0.7398802356533595,0.00985937382388516,23.56541236639539,66.30090680713487,0.05798980934748332,0,True
27,0.1490347717995052,0.06806280447732233,0.11748581048359645,0.1229544492692327,0.14960064139150825,0.7752213497056412,0.5305136270633402,0.00995811810737589,23.442415659880204,65.25075816004357,0.05876983891487715,0,True
28,0.09624709182581195,0.043072150527777,0.045916779295517386,0.09180946314529603,0.035412837127978276,0.23543432902166145,0.2907504312926298,0.0044069484724611595,22.265139056802433,33.00435130003821,1.2834386798772583,0,True
29,0.11552047091613309,0.12211651742592958,0.09093894616704445,0.08523871144239553,0.12664990967747305,0.25427438294744753,0.22862939165591106,0.004468891602999931,21.948654925693567,33.600521004502546,0.7350932075322217,0,True
30,0.10764750282604031,0.05868548375805793,0.045916779295517386,0.07266352002235847,0.04370455690840287,0.23543432902166145,0.2907504312926298,0.0044069484724611595,22.265139056802433,33.51354881302437,0.9497237543054502,0,True
31,0.13218892813346006,0.01633645928702722,0.09093894616704445,0.026181493597958707,0.09161945615506498,0.31160452811262757,0.28168158827761725,0.0037806605711432155,22.490390476139343,36.38799912400201,0.3066103742762141,0,True
32,0.14813815401979746,0.09318496748698601,0.12066387454283169,0.06850159714627826,0.14637743477371493,0.4071359560254556,0.7988212412370488,0.008698883667386777,23.09073475657316,63.65641121260041,0.07776105755770724,0,True
33,0.14189354382835467,0.06309185656259605,0.1044287591331656,0.03189967846223207,0.09126870945836435,0.5792033684984308,0.381003274248823,0.009926473580703102,22.476029391624955,39.21588093830485,0.2137002301922415,0,True
34,0.1277665057967217,0.01633645928702722,0.09093894616704445,0.12510782516919836,0.10305781807113032,0.3111267677199044,0.2875323206153989,0.0038564853312919914,22.592764841426067,37.21033286357396,0.28678242107710333,0,True
35,0.12538171107134888,0.06210657494519861,0.04933379636723189,0.12363753537177745,0.13149365257822682,0.3291837846056324,0.39546003289890946,0.009292821798204363,22.59148726522561,38.302914379464966,0.2318122998855303,0,True
36,0.1218869597301672,0.1345691452724945,0.10499409101537036,0.10204104376129089,0.12484546050747064,0.3538230369238985,0.3723454116466968,0.007986219453214208,22.54095170137951,37.80990935297873,0.26009335980348564,0,True
37,0.13434128235288176,0.07607185848551766,0.02041652167038858,0.03200471081624309,0.13981326994275647,0.30856238107683137,0.6622691224733633,0.007042043053704373,22.48673330189124,38.75587427144475,0.22400297651277493,0,True
38,0.1490347717995052,0.11554668990505566,0.13003808094090838,0.12259469874479072,0.14623300298553646,0.7427264785018824,0.5318998673295062,0.009393207609798384,23.56541236639539,64.92718940926167,0.06199715111617703,0,True
39,0.14845791330098082,0.02503500640481479,0.13992847149924878,0.11779252944899692,0.14589797723363845,0.7992940213905474,0.40516540796751765,0.004797214427484726,23.293660223847674,64.23549082020703,0.0723992565087831,0,True
40,0.11021719896026849,0.060391188129388575,0.046728581380414747,0.13416950916911513,0.12766895129179176,0.2648786209368284,0.4315630839092769,0.00823527928803971,22.417050788357386,36.2083654679305,0.3646151567417622,0,True
41,0.1218869597301672,0.06684007010215753,0.09654421987507483,0.10204104376129089,0.12484546050747064,0.291584983365844,0.3723454116466968,0.00883031835600805,22.54095170137951,37.37283030062048,0.26205752238664365,0,True
42,0.14813815401979746,0.09318496748698601,0.12204787720425515,0.06850159714627826,0.1473532496380148,0.4363410369192654,0.7996732454400449,0.008698883667386777,23.09073475657316,63.8910835753858,0.07591822297898926,0,True
43,0.14206515806272796,0.05038463375071129,0.1282740709741839,0.1307784981228874,0.1477649375556402,0.7297708660679499,0.4496894588497998,0.008714421973990315,23.016258119849077,64.1983133458837,0.07541365707542508,0,True
44,0.1490347717995052,0.05454107495895335,0.12767303307014227,0.1229544492692327,0.14999011817089652,0.7427264785018824,0.5318998673295062,0.00985937382388516,23.56541236639539,64.99251857668004,0.06040184293591165,0,True
45,0.0030410178616540363,0.02079750687305747,0.02768342515003859,0.003437629018960841,0.03318915428992002,0.21609740101583003,0.225075806350183,0.0031953024884571386,19.34767615030557,24.651362599144633,44.21556278199252,0,False
46,0.1490347717995052,0.06757190065427261,0.14241125343088323,0.1362052298091445,0.12650063052593646,0.6983327595989186,0.6304424068914161,0.00985937382388516,23.461166208296007,65.10390391415594,0.06563005689687075,0,False
47,0.017183276147934648,0.022123780536817166,0.023608869876139926,0.01894696794927969,0.1186245732977224,0.21915818244289892,0.3091502300488986,0.003812939855858768,20.49062877652131,26.79328683693999,30.638809428522027,0,False
48,0.14198728063033247,0.062473109891817424,0.05869172769403986,0.077041709120551,0.08781173460616742,0.5747613980859876,0.6573059188679932,0.009926473580703102,22.91378533210711,45.65109853257389,0.13297181397154675,0,False
49,0.012322241908551922,0.01633645928702722,0.0914840677303267,0.08563518192214303,0.015889581835131936,0.25089132394258634,0.2640275063734055,0.003545130851413338,21.776777049603332,27.0026414826786,11.645465479417078,0,False
50,0.13755480825405955,0.1441133563779372,0.09689225349078398,0.14771922570131404,0.13880707009500962,0.3539341183011226,0.6123532920655315,0.008291613338924165,23.773254018011627,61.66216466126985,0.11091801614285894,0,False
51,0.015694068273490732,0.13173309149913706,0.04578074124007259,0.05034318732263606,0.09018217374788823,0.2703356494488298,0.2954608197788619,0.0044766662999473706,22.00553743351777,28.560639615927435,7.513839074545095,0,False
52,0.006857960250007725,0.07846223429297658,0.026890477070379126,0.009908960033679304,0.1226569395337981,0.21746707693279266,0.6355914996040091,0.00633054755014082,22.029699694315113,27.524086395339843,11.560894483668532,0,False
53,0.010616388420306036,0.03222107224872287,0.05780965463049545,0.03015488283571319,0.02073381717655922,0.26149469396393654,0.25433944111398166,0.003436779843653161,20.68787009863326,26.447996385240348,37.35809614040049,0,False
54,0.024048651895222376,0.07513736382631991,0.028221654690097887,0.03205184839976842,0.1336654517218671,0.2737832201776915,0.561509811381532,0.008294114872724833,21.662230578218043,30.2186262415331,5.21575107936063,0,False
55,0.13726514105024168,0.10384612712379655,0.09175959957924291,0.01839702828093094,0.12134692083198678,0.4007880995610568,0.357429638109625,0.0049771508614513986,22.840710279412875,41.31975769145421,0.17471772960995283,0,False
56,0.011999373892287174,0.03151461800559001,0.06079603546075948,0.02841521279729819,0.0031571791618031485,0.20273931222409497,0.2498865772402027,0.003160946685277115,20.923652199305327,25.11490135950888,40.346738919888686,0,False
57,0.016175939347635646,0.03686573424638276,0.04946161026429981,0.022084076631203296,0.020405287908183224,0.2725342842202165,0.2283374771116532,0.003436779843653161,20.68787009863326,26.760997915982102,34.17543142589491,0,False
58,0.004699370065033639,0.02851670578527901,0.0413829845695405,0.01639678847906237,0.11553022279020057,0.23088398608794056,0.3091502300488986,0.0038647600425426036,19.386430159911683,25.73184258356974,39.65911302740569,0,False
59,0.0387263327042146,0.08002508722675805,0.027957107629459053,0.01893386229714727,0.09237215174755836,0.33953028646297956,0.3670073978665519,0.0073133150484383826,21.620018245189573,31.702660528242923,3.5574000795869116,0,False
60,0.0032633528837856763,0.006637976430343988,0.0315568730277606,0.0013035177950051317,0.03916885100526308,0.22693863530286776,0.22031191178748719,0.003839729054274554,19.01702963206503,24.962127035092806,43.40103924150956,0,False
61,0.014346186485875108,0.030190733862298934,0.02768342515003859,0.01632361558683297,0.024344801914784636,0.22693863530286776,0.29827598277795864,0.003839729054274554,19.01702963206503,26.49783048332119,34.84178451717657,0,False
62,0.01657071905189063,0.13173309149913706,0.0392304023714113,0.05034318732263606,0.09909185523774619,0.2547545106067378,0.2954608197788619,0.0044766662999473706,22.53311934990719,29.811078476526145,7.043696279591759,0,False
63,0.13190047583390913,0.0030185460375149317,0.09430750763568739,0.12305675092721272,0.10382770263812875,0.388449565371773,0.3711845268673713,0.004012740051147899,22.82250968918334,40.78084499530158,0.21280314785470436,0,False
64,0.13414408721220952,0.06277507416351015,0.04600417106155052,0.11209469929807844,0.1413950724281215,0.6060227719290323,0.41783901683691826,0.009815751114625529,22.34464677947816,38.90948021598663,0.2488728121192172,0,False
65,0.12508901215954482,0.11616133488008996,0.0570306079368193,0.027123162182486584,0.03147149405580214,0.33921763000915184,0.24123936785196623,0.0032729294174949006,21.530126188088964,32.41641982542076,2.4122070008447047,0,False
66,0.07821844171146691,0.0029820541259534664,0.03990150046457254,0.0490931510047913,0.06059855399807041,0.34990167071557665,0.4509333440942816,0.00591517244057877,22.055661964574732,34.82900039787985,1.2174072613225453,0,False
67,0.11021719896026849,0.060391188129388575,0.03641938501223765,0.04511078337987768,0.02673628738407798,0.2648786209368284,0.22792762653175327,0.007736840036022891,22.417050788357386,33.24356377919997,1.2865463864480846,0,False
68,0.1077433599253383,0.05868548375805793,0.05239336552139468,0.07683391674111546,0.04370455690840287,0.2521061831079509,0.31641199031767203,0.004183423053379562,21.857565416887667,33.03883874878245,1.3382468737278272,0,False
69,0.037596977390857454,0.039190828360897996,0.1320695764060865,0.0563135051568798,0.12817091082897655,0.2859453040872274,0.25078474160243436,0.0037824497852220924,22.46194533939254,32.068749509556305,2.8499746414691374,0,False
70,0.11457031249667604,0.0701134264232206,0.01716013416220427,0.07418693404604904,0.12727107266185791,0.2598742849592282,0.42434349195359927,0.008420911057803784,22.609096509502514,37.71212171868373,0.286200312176716,0,False
71,0.02247173518677572,0.12548237736053,0.0392304023714113,0.06556027439634071,0.025912784006154783,0.23994191800210812,0.24820785014526783,0.004344911168462778,22.53311934990719,29.314418048725866,7.158197955697417,0,False
72,0.14218529689205217,0.1368127865906713,0.1327513243726971,0.06297568640829644,0.1299328358473594,0.626652446306871,0.3255253112242379,0.009930960090510893,23.169397366437853,62.51919356247181,0.08838607155501581,0,False
73,0.11576693552284585,0.03840660030793221,0.028184473156288865,0.018703882544329437,0.05612163546422126,0.31123153127524333,0.3338026549992797,0.005111222479112162,22.486764793377493,36.06053827022979,0.5615606246985666,0,False
74,0.11576693552284585,0.03138932886260415,0.028863424834006286,0.018703882544329437,0.14061393990823343,0.31123153127524333,0.3560629956016436,0.0049036846394706745,22.48673330189124,36.772653970125596,0.3144421910239475,0,False
75,0.14251813812481737,0.05776693081109884,0.11388424147331008,0.01894477280351841,0.07432953407107538,0.5747613980859876,0.3070040959768221,0.009926473580703102,22.476029391624955,38.45961998905616,0.25543274609503,0,False
76,0.14169381483435248,0.09964225783099784,0.1141536523403618,0.1192545066118596,0.144959091259511,0.4551537698996781,0.7711275548582649,0.00884914460631103,24.776520308754876,63.52802197260205,0.08646913773632857,0,False
77,0.10510750656636239,0.038123143117415194,0.09705795093647877,0.01894477280351841,0.07542055288957497,0.22923621891587612,0.2915570698179622,0.006002583932037742,22.476029391624955,34.93306031829366,0.5620612789709802,0,False
78,0.1485816001598947,0.014633974334467167,0.14953599437813914,0.11779252944899692,0.12245939071897066,0.7958436265524007,0.4798402226879784,0.0044288993710094844,23.084030601828072,64.41084081732933,0.07893437223058351,0,False
79,0.14718552998227297,0.07815669961440533,0.12515861510348278,0.06325461103566361,0.13708102078047077,0.43306957699197435,0.7839381491877492,0.008405363528301416,23.57907489274385,63.69621764498898,0.08044682313443395,0,False
80,0.14251813812481737,0.1474243982605508,0.13623995148593596,0.14289915067478234,0.12270076677197997,0.574314037149021,0.3683411310727056,0.009384515703777501,24.928352865720115,62.12148895416893,0.09517647165372767,0,False
81,0.1468651788570008,0.03933673814962244,0.11781921529031797,0.12423625733253446,0.14992868468353976,0.7977926433882576,0.4757965744569139,0.004768011475371588,23.240047669859624,64.60916375190877,0.07252691300807856,0,False
82,0.1034942569960585,0.040365796271898007,0.017693411282839175,0.013165809373697093,0.1287586821131791,0.25828026096127904,0.4400836249622859,0.004550491842315474,22.17219896597812,34.900635760448516,0.5752513705705814,0,False
83,0.10327876692478914,0.039818684520118955,0.017693411282839175,0.043110817128907554,0.1287586821131791,0.2561954117600221,0.7363280901311577,0.004441423000765714,22.17219896597812,36.30322159608413,0.5236980229483053,0,False
84,0.11880279179310857,0.04247632925020269,0.07396791628694796,0.03556988008754433,0.09480752040664071,0.3244212737293013,0.2831979996315885,0.0036967026758397254,22.515277055888863,36.439238749163735,0.3632643860962297,0,False
85,0.13190047583390913,0.0030185460375149317,0.09430750763568739,0.017308395751498853,0.0911691628500461,0.38658679403651525,0.3711845268673713,0.003917933607448022,22.278076704871236,36.375398115464925,0.367834991412411,0,False
86,0.14574351549185807,0.1408700194965764,0.11573211965463305,0.12898561420518084,0.14705677467721362,0.6139698991487327,0.7773390592542493,0.009926473580703102,24.07634677867656,65.128949445091,0.0678912649168504,0,False
87,0.0030410178616540363,0.030190733862298934,0.02768342515003859,0.02223836172461268,0.03597361285103355,0.23117330444736198,0.22454871723532255,0.003839729054274554,19.34767615030557,25.08168587147989,43.7532099676404,0,False
88,0.12097792328064029,0.07804410807743813,0.11470535154919642,0.08380875785318656,0.148437644096886,0.29612901997291596,0.44713649070470574,0.008555467969998056,22.985352072190835,43.37036814705191,0.18832458915691944,0,False
89,0.12215943414673956,0.06684007010215753,0.040260136234533235,0.10204104376129089,0.1265556574602973,0.291584983365844,0.38120926353307333,0.00890601740588911,23.24496649458963,58.92014470853855,0.17721338501222314,0,False
90,0.02984964156179302,0.10904600801876418,0.045728313173837125,0.05358334290858435,0.12092011245369153,0.20537344057169088,0.26017625174647335,0.00419413767175959,20.83990564942308,27.69866507478639,26.068513575904987,0,False
91,0.002916869845194585,0.007239714099398005,0.0392304023714113,0.06380549594135333,0.08916759937768383,0.2547545106067378,0.28282685024821586,0.004463614791199209,22.545453817838215,28.124230205710994,14.92459894798524,0,False
92,0.021026526499519672,0.07549814566773845,0.03960606307648666,0.028268403010826823,0.11797296162075169,0.22963520202512494,0.5691382006172538,0.006943783608747132,22.488063709620107,30.8641552874664,5.516369496216119,0,False
93,0.006919500908740357,0.031938965200992646,0.0648408291224611,0.030302802037011856,0.04070985744099449,0.2412174925931601,0.39052161681060316,0.0036897018366272537,20.9918098972748,26.85247352816882,38.501660217718694,0,False
94,0.010616388420306036,0.031938965200992646,0.08553079558571608,0.07701272555221018,0.04070985744099449,0.2412174925931601,0.7034666957000655,0.0036956558952492297,21.001895359242443,29.69266384019734,14.32566159256031,0,False
95,0.019654442180421006,0.014532935332918651,0.03461576433880764,0.018379967166965792,0.1186245732977224,0.21915818244289892,0.3091502300488986,0.0038647600425426036,20.49062877652131,27.075120807986693,29.490562459805727,0,False
96,0.011371096718664077,0.03153945267777313,0.0504828394843478,0.022084076631203296,0.0018786688606742708,0.2340215839035807,0.2238389960246055,0.003166047025356858,20.51947839189462,25.26770744089299,41.10624128538674,0,False
97,0.04508629770027851,0.038949585497501465,0.0965973159484323,0.10424591711705551,0.11899886483599961,0.2596855583561438,0.6237301453109703,0.004695691518514362,21.62455016581915,32.0740096924643,3.031269114621143,0,False
98,0.0204306608748299,0.03102524882721986,0.02550208786208115,0.009864167406479014,0.11546779314690457,0.22519580622024032,0.3428038960535149,0.004276015781664243,19.08956080855167,27.429821484371402,29.08866107955133,0,False
99,0.05809843357377649,0.005647123694703049,0.04965165260369501,0.03329430777517105,0.0551525316827038,0.2350406429452846,0.3185798422820254,0.0050033135922579585,22.596073909304838,33.68901117007876,1.9091532171537091,0,False
